Customer_ID,Name,Age,Gender,City,Income,Purchase_Frequency,Total_Spending,Customer_Satisfaction
1001,Karthik Patel,20.0,Female,Kolkata,809351.0,4,94524,5.0
1002,Mohan Kapoor,54.0,Female,,743216.0,13,86006,1.0
1003,Suresh Nair,60.0,Male,Delhi,932405.0,13,29704,4.0
1004,Mohan Raj,57.0,Male,Hyderabad,1083550.0,10,99913,2.0
1005,Karthik Das,43.0,Female,Kolkata,1383279.0,18,99108,1.0
1006,Ramesh Verma,40.0,Male,Mumbai,745164.0,17,12493,3.0
1007,Suresh Gupta,61.0,Female,Mumbai,539220.0,20,74639,2.0
1008,Nisha Raj,56.0,Female,Kolkata,1494453.0,20,59383,1.0
1009,Sneha Nair,32.0,Female,Pune,731725.0,13,7994,5.0
1010,Nisha Singh,21.0,Female,Kolkata,1075553.0,17,74280,3.0
1011,Isha Raj,46.0,Female,Mumbai,1067865.0,22,52234,5.0
1012,Priya Nair,39.0,Female,Delhi,817597.0,4,52291,1.0
1013,Pooja Mehta,42.0,Male,Chennai,1103900.0,1,97868,5.0
1014,Meena Sharma,30.0,Male,Chennai,687470.0,1,10594,1.0
1015,Kavya Raj,35.0,Female,Kolkata,1205357.0,15,12371,1.0
1016,Arun Shah,50.0,Female,Bangalore,1074837.0,13,52315,5.0
1017,Pallavi Rao,33.0,Female,Kolkata,1234156.0,17,88564,1.0
1018,Mohan Shah,62.0,Male,Pune,1113659.0,24,84526,2.0
1019,Aditya Kumar,59.0,Female,Kolkata,1167996.0,26,21626,1.0
1020,Sanjay Gupta,61.0,Male,Chennai,998778.0,8,91005,4.0
1021,Divya Joshi,19.0,Female,Mumbai,389883.0,18,12130,1.0
1022,Kavya Shah,52.0,Female,Kolkata,1453920.0,27,11828,4.0
1023,Swetha Kapoor,59.0,Male,MUMBAI,1261439.0,13,62514,1.0
1024,Deepa Mehta,51.0,Male,Mumbai,997852.0,23,57664,1.0
1025,Naveen Mehta,47.0,Female,Bangalore,1406618.0,14,22883,5.0
1026,Ramesh Shah,30.0,,Mumbai,1352686.0,8,48059,2.0
1027,Vikram Patel,30.0,Female,Chennai,1443627.0,8,89078,2.0
1028,Aditya Singh,35.0,Male,Delhi,1013461.0,27,47932,3.0
1029,Vijay Singh,49.0,Male,Delhi,278328.0,26,66269,5.0
1030,Karthik Raj,49.0,Male,Hyderabad,887199.0,15,80986,5.0
1031,Ravi Verma,52.0,Male,Pune,1357810.0,27,90959,2.0
1032,Asha Patel,56.0,Male,Kolkata,1062283.0,13,7035,5.0
1033,Aditya Shah,63.0,Male,pune,1067711.0,7,45745,2.0
1034,Lakshmi Sharma,46.0,Female,Chennai,1051881.0,5,22241,5.0
1035,Pallavi Menon,46.0,Female,Mumbai,588365.0,17,57975,1.0
1036,Pallavi Raj,61.0,Male,Delhi,1125512.0,28,28154,2.0
1037,Priya Patel,33.0,Female,Pune,1385754.0,25,30625,2.0
1038,Kavya Kapoor,61.0,Female,Chennai,635893.0,29,49950,4.0
1039,Kavya Verma,64.0,Male,Delhi,1422341.0,16,61396,5.0
1040,Pooja Iyer,27.0,Female,Mumbai,1198377.0,23,18331,5.0
1041,Anjali Kapoor,47.0,Male,Pune,378389.0,2,-15016,2.0
1042,Rahul Mehta,42.0,Male,Delhi,963987.0,22,91226,1.0
1043,Manoj Patel,56.0,Female,Kolkata,1495803.0,18,89719,1.0
1044,Asha Nair,37.0,Male,Kolkata,742402.0,17,68014,1.0
1045,Sneha Sharma,22.0,Male,Hyderabad,1061804.0,7,44346,5.0
1046,Deepa Rao,18.0,Male,Hyderabad,1040074.0,13,75411,4.0
1047,Isha Das,47.0,Male,Delhi,510220.0,18,59478,2.0
1048,Sneha Rao,20.0,Male,Chennai,546208.0,29,17254,3.0
1049,Mohan Kapoor,62.0,Male,Kolkata,1000186.0,14,60734,
1050,Asha Das,31.0,Male,Chennai,1050554.0,18,33621,3.0
1051,Pooja Sharma,47.0,Male,Chennai,1367007.0,13,81441,4.0
1052,Divya Mehta,21.0,Female,Delhi,1354321.0,11,51121,1.0
1053,Sneha Mehta,35.0,Female,Chennai,1348657.0,21,86418,5.0
1054,Swetha Kapoor,54.0,Female,Kolkata,1176215.0,21,65197,3.0
1055,Anjali Mehta,42.0,Male,Mumbai,466204.0,16,89577,4.0
1056,Vikram Shah,18.0,Male,Hyderabad,1186297.0,23,99634,5.0
1057,Aditya Mehta,63.0,Female,Mumbai,850541.0,17,47431,3.0
1058,Anjali Raj,32.0,Female,Chennai,548335.0,8,9837,2.0
1059,Swetha Iyer,26.0,Female,Mumbai,1409662.0,19,95025,4.0
1060,Asha Kapoor,32.0,Male,Kolkata,706285.0,20,88163,2.0
1061,Rohit Nair,,Female,Kolkata,1224250.0,15,76232,1.0
1062,Pallavi Menon,21.0,Female,Chennai,664758.0,9,53994,2.0
1063,Kavya Shah,29.0,Male,Delhi,674528.0,20,84079,2.0
1064,Kavya Iyer,54.0,Female,Mumbai,688458.0,10,17615,4.0
1065,Ravi Iyer,54.0,Male,Delhi,1138403.0,12,6466,1.0
1066,Naveen Iyer,60.0,Male,Delhi,868071.0,21,35771,
1067,Arun Menon,23.0,Male,Bangalore,862181.0,23,88886,5.0
1068,Karthik Menon,56.0,Female,Chennai,1222892.0,20,70911,3.0
1069,Nisha Kumar,63.0,Female,Hyderabad,,1,25746,2.0
1070,Pooja Nair,41.0,Male,Kolkata,1321177.0,25,93422,1.0
1071,Nisha Kapoor,28.0,Female,Kolkata,1285811.0,20,65739,2.0
1072,Suresh Singh,30.0,Female,Chennai,661236.0,9,78369,
1073,Manoj Nair,51.0,Female,Pune,389227.0,22,6893,
1074,Rahul Singh,42.0,Female,Pune,1248555.0,15,35573,4.0
1075,Arun Gupta,24.0,Male,Pune,942137.0,1,45874,1.0
1076,Vijay Das,21.0,Female,Hyderabad,531854.0,12,82362,4.0
1077,Karthik Das,25.0,Male,Kolkata,620858.0,3,92460,1.0
1078,Ravi Shah,37.0,Male,,929892.0,11,38367,3.0
1079,Karthik Menon,46.0,,Kolkata,910327.0,2,26199,3.0
1080,Anjali Shah,62.0,Male,Delhi,401094.0,16,96404,1.0
1081,Priya Kumar,63.0,Female,Mumbai,980031.0,9,79328,2.0
1082,Swetha Verma,27.0,Female,Mumbai,1042154.0,15,62724,
1083,Vikram Mehta,60.0,Male,Kolkata,1117482.0,12,91133,4.0
1084,Nisha Raj,51.0,Male,Bangalore,729083.0,1,41405,4.0
1085,Rahul Shah,43.0,Male,Hyderabad,318323.0,13,20989,5.0
1086,Anjali Rao,58.0,Male,Pune,668458.0,14,33931,4.0
1087,Sanjay Singh,20.0,Female,Hyderabad,1354417.0,25,14290,5.0
1088,Arun Singh,,Female,Hyderabad,640642.0,25,43367,1.0
1089,Vijay Kapoor,22.0,Female,Delhi,448784.0,8,84878,1.0
1090,Lakshmi Singh,22.0,Male,Hyderabad,357096.0,8,95477,1.0
1091,Arun Raj,64.0,Male,Mumbai,1391340.0,27,84481,2.0
1092,Pallavi Verma,40.0,Male,Delhi,696790.0,12,81298,2.0
1093,Lakshmi Verma,26.0,Female,Chennai,860032.0,1,35133,5.0
1094,Sanjay Menon,,Male,Hyderabad,1064914.0,11,32052,4.0
1095,Naveen Kapoor,37.0,Female,Hyderabad,618226.0,8,90489,4.0
1096,Pallavi Das,59.0,Male,Chennai,1302272.0,10,45475,1.0
1097,Kavya Iyer,52.0,Female,Hyderabad,,19,87666,3.0
1098,Ramesh Kapoor,35.0,Female,Chennai,925673.0,11,62656,2.0
1099,Karthik Kumar,34.0,Male,Delhi,1055581.0,7,9633,2.0
1100,Neha Iyer,41.0,Male,Mumbai,,11,22304,1.0
1101,Sneha Mehta,20.0,Female,Chennai,356611.0,17,51546,2.0
1102,Vijay Verma,49.0,Female,Bangalore,648172.0,1,12008,1.0
1103,Karthik Iyer,52.0,Male,Chennai,718947.0,26,53291,5.0
1104,Naveen Gupta,55.0,Male,Hyderabad,725828.0,29,32405,4.0
1105,Mohan Patel,30.0,Female,Pune,1023210.0,21,41386,3.0
1106,Amit Joshi,64.0,Male,Pune,578785.0,21,95909,4.0
1107,Karthik Gupta,42.0,Female,Delhi,695376.0,8,25827,4.0
1108,Ramesh Rao,26.0,Female,Kolkata,956673.0,23,38040,5.0
1109,Kavya Sharma,21.0,Male,Delhi,1051849.0,24,65354,2.0
1110,Divya Iyer,31.0,Male,Kolkata,1411068.0,6,83543,3.0
1111,Deepa Menon,54.0,Male,Pune,1328675.0,22,23157,2.0
1112,Rohit Rao,51.0,Male,Pune,1285891.0,18,40315,4.0
1113,Kavya Shah,28.0,Male,Chennai,1003494.0,6,40932,1.0
1114,Pooja Shah,58.0,Female,Mumbai,673177.0,5,26164,4.0
1115,Neha Mehta,20.0,Female,Bangalore,892762.0,13,19414,2.0
1116,Deepa Gupta,45.0,Male,Delhi,1017876.0,19,19327,4.0
1117,Pallavi Verma,46.0,Male,Hyderabad,1389904.0,22,5946,1.0
1118,Kavya Menon,26.0,Male,Kolkata,1232293.0,8,19693,5.0
1119,Karthik Mehta,20.0,Female,Hyderabad,,9,32241,2.0
1120,Arun Kumar,42.0,Male,Mumbai,1333116.0,17,20540,4.0
1121,Aditya Gupta,51.0,Male,Kolkata,1456184.0,3,77255,2.0
1122,Deepa Menon,29.0,Female,Delhi,1383276.0,19,69757,5.0
1123,Neha Iyer,59.0,Female,Chennai,1230547.0,11,46203,4.0
1124,Ravi Singh,26.0,Male,Hyderabad,,24,30081,4.0
1125,Karthik Rao,32.0,Male,Mumbai,639770.0,17,66861,2.0
1126,Anjali Gupta,57.0,Male,Delhi,296002.0,21,16350,2.0
1127,Ravi Mehta,42.0,Female,Pune,1348388.0,19,60512,1.0
1128,Vijay Kumar,22.0,Male,Pune,665842.0,2,61809,5.0
1129,Ramesh Das,28.0,Male,Delhi,965339.0,8,47832,1.0
1130,Pooja Nair,51.0,Male,Delhi,1407522.0,19,33369,4.0
1131,Naveen Gupta,41.0,Female,Delhi,1365244.0,7,36728,2.0
1132,Isha Joshi,32.0,Female,Kolkata,349003.0,28,22576,4.0
1133,Nisha Menon,55.0,Male,Delhi,-53826.0,27,34001,4.0
1134,Neha Kumar,25.0,Male,Hyderabad,969174.0,17,88384,3.0
1135,Deepa Kumar,22.0,Female,Mumbai,878889.0,6,5390,3.0
1136,Pallavi Patel,43.0,Female,Kolkata,519956.0,19,92535,4.0
1137,Pooja Mehta,35.0,Female,Delhi,311844.0,24,50436,2.0
1138,Karthik Sharma,23.0,Female,Bangalore,645395.0,6,16569,4.0
1139,Rahul Kumar,54.0,Female,Bangalore,1373177.0,28,18029,3.0
1140,Vijay Kumar,30.0,Female,Mumbai,1175779.0,2,27490,2.0
1141,Nisha Kumar,45.0,Female,Pune,560001.0,6,50875,4.0
1142,Sanjay Kumar,22.0,Female,Chennai,637699.0,23,10867,5.0
1143,Priya Sharma,30.0,Female,Chennai,682680.0,5,85820,5.0
1144,Kavya Rao,34.0,Male,Pune,1471999.0,19,14121,4.0
1145,Vikram Raj,57.0,Male,Kolkata,343330.0,20,6539,2.0
1146,Arun Kumar,62.0,Male,Kolkata,475391.0,4,96024,4.0
1147,Ramesh Mehta,49.0,Female,KOLKATA,463606.0,22,22027,4.0
1148,Priya Raj,46.0,Male,Chennai,657085.0,26,79229,3.0
1149,Pooja Das,20.0,Female,Bangalore,441387.0,17,13921,5.0
1150,Meena Joshi,57.0,Female,Chennai,664170.0,11,55435,3.0
1151,Vikram Patel,51.0,Male,Hyderabad,936915.0,4,259586,3.0
1152,Vikram Gupta,57.0,Female,Delhi,688242.0,26,68965,4.0
1153,Nisha Gupta,44.0,Male,Kolkata,612916.0,13,74922,3.0
1154,Manoj Kapoor,30.0,Male,Bangalore,428048.0,20,98948,5.0
1155,Meena Nair,62.0,Male,Mumbai,1248082.0,26,87839,3.0
1156,Vijay Patel,50.0,Female,Mumbai,621994.0,17,17242,5.0
1157,Priya Rao,23.0,Male,Delhi,1443918.0,9,13947,3.0
1158,Isha Gupta,41.0,Female,Bangalore,936268.0,4,76466,5.0
1159,Swetha Joshi,36.0,Male,Chennai,1051955.0,23,66816,3.0
1160,Arun Menon,33.0,Male,Chennai,1361009.0,28,53785,3.0
1161,Kavya Gupta,57.0,Male,Hyderabad,794279.0,14,5507,2.0
1162,Meena Joshi,45.0,,Hyderabad,522919.0,19,71972,5.0
1163,Mohan Singh,50.0,Female,Chennai,597139.0,26,32151,5.0
1164,Neha Shah,58.0,Female,Mumbai,1228754.0,28,16618,5.0
1165,Sanjay Patel,30.0,Male,Kolkata,397745.0,3,79286,1.0
1166,Ramesh Das,60.0,Male,Mumbai,387686.0,14,21122,3.0
1167,Rahul Kapoor,62.0,Female,Hyderabad,1305991.0,8,12354,5.0
1168,Ramesh Patel,42.0,Female,Delhi,1205230.0,24,35979,1.0
1169,Karthik Patel,59.0,Female,Chennai,1467192.0,27,91436,2.0
1170,Ravi Kumar,,Female,hyderabad,299976.0,28,84376,5.0
1171,Anjali Joshi,44.0,Female,Hyderabad,675468.0,1,57774,5.0
1172,Karthik Sharma,55.0,Female,Kolkata,515976.0,10,10037,1.0
1173,Anjali Kumar,24.0,Male,Chennai,461509.0,18,33633,3.0
1174,Suresh Shah,22.0,Female,Kolkata,469526.0,16,29495,2.0
1175,Aditya Menon,60.0,Male,Chennai,1244620.0,8,69550,5.0
1176,Asha Verma,62.0,Male,Kolkata,288578.0,1,86384,
1177,Deepa Das,48.0,Female,Mumbai,864741.0,12,41483,2.0
1178,Rahul Verma,40.0,Female,Delhi,1112147.0,8,78373,4.0
1179,Kavya Joshi,59.0,Male,Delhi,458859.0,24,39069,4.0
1180,Pallavi Joshi,27.0,Female,Chennai,361435.0,16,12370,2.0
1181,Aditya Patel,49.0,Female,Bangalore,990389.0,18,76947,1.0
1182,Kavya Kumar,150.0,Male,pune,1450114.0,4,44133,
1183,Priya Kumar,47.0,Male,Hyderabad,295475.0,6,5692,2.0
1184,Swetha Mehta,56.0,Male,Hyderabad,1096574.0,12,33926,1.0
1185,Pooja Raj,48.0,Female,Chennai,1456212.0,27,78984,1.0
1186,Vijay Joshi,35.0,Male,Kolkata,1452060.0,9,48390,3.0
1187,Sanjay Verma,53.0,Female,Bangalore,1392102.0,15,54593,3.0
1188,Ravi Menon,19.0,Male,Mumbai,1349577.0,16,80609,1.0
1189,Rahul Singh,31.0,Male,Kolkata,1094081.0,24,10209,4.0
1190,Swetha Joshi,30.0,Male,Kolkata,442029.0,12,11533,4.0
1191,Rahul Patel,46.0,Female,Chennai,678733.0,24,91597,2.0
1192,Nisha Rao,29.0,Female,Chennai,918516.0,23,12211,5.0
1193,Nisha Kumar,56.0,Male,Hyderabad,1190568.0,14,14927,2.0
1194,Nisha Patel,19.0,Male,Chennai,467583.0,13,82463,2.0
1195,Suresh Kumar,49.0,Male,Chennai,613898.0,25,29594,5.0
1196,Anjali Patel,30.0,Female,Chennai,388286.0,2,79852,1.0
1197,Meena Nair,63.0,Male,Hyderabad,477189.0,3,82713,4.0
1198,Neha Mehta,44.0,Female,mumbai,1425055.0,26,81382,2.0
1199,Rahul Joshi,58.0,Male,Mumbai,1434789.0,24,12933,5.0
1200,Deepa Menon,34.0,Male,Pune,803172.0,22,45696,3.0
1201,Rahul Menon,57.0,Male,Pune,1054807.0,10,70449,2.0
1202,Mohan Sharma,48.0,Male,Chennai,522158.0,9,72616,4.0
1203,Lakshmi Sharma,51.0,Male,Pune,952495.0,26,11089,1.0
1204,Priya Rao,41.0,Male,Hyderabad,328077.0,20,61548,2.0
1205,Rahul Joshi,62.0,Female,Mumbai,1438360.0,8,31123,2.0
1206,Mohan Menon,52.0,Male,Kolkata,565018.0,10,12797,5.0
1207,Sneha Kumar,23.0,Female,Mumbai,319087.0,19,55013,3.0
1208,Sneha Kumar,36.0,Male,Mumbai,1063560.0,3,13346,3.0
1209,Lakshmi Raj,47.0,Male,Hyderabad,993859.0,24,90414,1.0
1210,Swetha Patel,24.0,Female,Pune,545064.0,5,38672,4.0
1211,Nisha Joshi,27.0,Male,Kolkata,501514.0,3,22653,1.0
1212,Anjali Verma,58.0,Female,Hyderabad,1178660.0,26,54556,2.0
1213,Rahul Kumar,49.0,Female,Chennai,392180.0,27,31140,2.0
1214,Arun Joshi,51.0,Male,Delhi,1034192.0,16,6184,3.0
1215,Pooja Gupta,45.0,Female,Mumbai,685928.0,17,39493,4.0
1216,Ramesh Rao,32.0,Female,Delhi,1170114.0,15,49148,5.0
1217,Vikram Rao,47.0,Male,Hyderabad,851891.0,3,29846,4.0
1218,Lakshmi Mehta,54.0,Female,Hyderabad,1332448.0,12,27195,2.0
1219,Meena Rao,46.0,Male,Hyderabad,607246.0,9,10606,
1220,Amit Singh,39.0,Male,Delhi,335774.0,21,8956,4.0
1221,Isha Nair,21.0,Male,Hyderabad,638518.0,12,21555,4.0
1222,Sanjay Gupta,37.0,Male,Chennai,1497098.0,26,95385,5.0
1223,Priya Raj,49.0,Female,Hyderabad,662672.0,15,23690,2.0
1224,Deepa Kumar,53.0,Male,Bangalore,1364518.0,2,63502,4.0
1225,Kavya Kapoor,21.0,Male,Pune,787977.0,23,53849,5.0
1226,Arun Raj,44.0,Female,Delhi,876256.0,18,31347,2.0
1227,Kavya Iyer,34.0,Male,Bangalore,663089.0,20,96321,5.0
1228,Swetha Singh,29.0,Male,Hyderabad,840504.0,12,54056,5.0
1229,Sneha Singh,150.0,Female,Chennai,596184.0,23,68851,4.0
1230,Manoj Joshi,,Female,,795932.0,4,86502,2.0
1231,Manoj Shah,27.0,Female,Kolkata,312021.0,23,86418,4.0
1232,Kavya Mehta,18.0,Female,PUNE,942485.0,16,75211,1.0
1233,Mohan Mehta,39.0,Female,Kolkata,710115.0,23,46850,1.0
1234,Rohit Rao,43.0,Female,Hyderabad,292291.0,16,83545,2.0
1235,Rahul Shah,35.0,Female,Pune,678276.0,1,32843,5.0
1236,Ravi Raj,31.0,Male,Pune,644754.0,22,67320,4.0
1237,Nisha Iyer,64.0,Female,Chennai,1203680.0,25,34793,4.0
1238,Manoj Mehta,46.0,Female,Pune,553664.0,2,44516,2.0
1239,Rohit Kapoor,29.0,Female,Delhi,275675.0,3,22857,2.0
1240,Rahul Shah,53.0,Male,Bangalore,923647.0,26,24627,1.0
1241,Arun Patel,52.0,Male,Bangalore,512318.0,21,66822,3.0
1242,Mohan Raj,29.0,Female,Bangalore,1390844.0,25,89101,2.0
1243,Vikram Kumar,24.0,Female,Delhi,958672.0,20,96561,3.0
1244,Rahul Joshi,46.0,Female,Kolkata,879698.0,17,57248,
1245,Asha Menon,28.0,Male,Chennai,587369.0,20,60798,5.0
1246,Divya Kapoor,50.0,Male,Pune,562863.0,22,98368,5.0
1247,Isha Das,23.0,Female,Delhi,379887.0,21,49116,1.0
1248,Rahul Nair,64.0,Male,Bangalore,546063.0,29,80318,
1249,Lakshmi Nair,,Female,Hyderabad,583713.0,1,92902,3.0
1250,Asha Joshi,49.0,Male,Mumbai,808963.0,20,33557,2.0
1251,Naveen Rao,28.0,Male,Pune,1055351.0,6,76334,4.0
1252,Vikram Sharma,40.0,Female,Delhi,1040605.0,29,80163,1.0
1253,Sanjay Das,43.0,Female,Delhi,621513.0,15,83002,4.0
1254,Priya Das,51.0,,Chennai,1062832.0,26,47614,4.0
1255,Manoj Nair,63.0,Female,Chennai,431517.0,26,17720,2.0
1256,Arun Menon,51.0,Male,Delhi,320305.0,14,62608,3.0
1257,Suresh Rao,46.0,Male,Bangalore,942924.0,20,77095,2.0
1258,Swetha Verma,21.0,Male,Mumbai,722963.0,15,89694,1.0
1259,Mohan Das,34.0,Female,Pune,1457610.0,14,92593,4.0
1260,Vikram Das,52.0,Male,,728108.0,25,40892,2.0
1261,Rahul Sharma,30.0,Female,Pune,1253346.0,21,82242,2.0
1262,Aditya Nair,58.0,Male,Bangalore,844821.0,24,82606,2.0
1263,Amit Shah,56.0,Female,Pune,437256.0,25,5924,1.0
1264,Pallavi Verma,32.0,Female,Hyderabad,726128.0,26,56322,3.0
1265,Aditya Patel,46.0,Male,Chennai,1273920.0,5,31478,2.0
1266,Amit Patel,46.0,Female,Bangalore,1140023.0,6,76042,1.0
1267,Arun Nair,28.0,Female,Bangalore,1283668.0,17,51418,4.0
1268,Lakshmi Joshi,49.0,Male,Mumbai,1075626.0,11,67217,5.0
1269,Lakshmi Shah,19.0,Female,Mumbai,492188.0,16,95140,1.0
1270,Ramesh Verma,64.0,Female,Hyderabad,626047.0,12,85846,5.0
1271,Naveen Shah,31.0,Female,Bangalore,1103823.0,15,78762,2.0
1272,Priya Sharma,37.0,Male,Kolkata,,23,16781,2.0
1273,Vikram Kapoor,39.0,Male,Bangalore,547675.0,4,10515,1.0
1274,Isha Singh,28.0,Female,Mumbai,958175.0,27,41133,5.0
1275,Aditya Das,44.0,Male,Kolkata,513625.0,18,87508,2.0
1276,Deepa Iyer,20.0,Female,Chennai,1092840.0,21,81946,4.0
1277,Isha Das,34.0,Female,Chennai,450339.0,28,90058,3.0
1278,Pallavi Rao,61.0,Female,Pune,1184339.0,3,14095,3.0
1279,Manoj Patel,45.0,Female,Delhi,375355.0,22,93583,2.0
1280,Divya Rao,46.0,Female,Mumbai,277798.0,8,25470,5.0
1281,Naveen Rao,38.0,Male,delhi,865937.0,23,48129,2.0
1282,Suresh Shah,64.0,Female,Kolkata,269477.0,3,13531,5.0
1283,Vijay Kumar,33.0,Male,Mumbai,467400.0,8,42038,4.0
1284,Anjali Raj,54.0,Male,Hyderabad,639959.0,18,92939,5.0
1285,Kavya Shah,37.0,Female,Bangalore,1274374.0,10,47674,2.0
1286,Pooja Raj,23.0,Female,Hyderabad,655105.0,25,99658,4.0
1287,Karthik Patel,36.0,Male,Kolkata,523586.0,20,87476,
1288,Meena Iyer,22.0,Male,Mumbai,1073759.0,17,34831,3.0
1289,Neha Mehta,20.0,Male,Kolkata,1183703.0,8,62174,2.0
1290,Naveen Singh,18.0,Female,Bangalore,584971.0,23,16279,
1291,Vikram Nair,55.0,Male,Chennai,381184.0,11,43220,2.0
1292,Neha Joshi,32.0,Female,Chennai,1385627.0,29,65610,4.0
1293,Amit Sharma,51.0,Female,Kolkata,400653.0,5,57719,1.0
1294,Kavya Das,,Female,Delhi,495300.0,26,58051,5.0
1295,Deepa Singh,42.0,Male,Mumbai,834010.0,13,77013,1.0
1296,Manoj Nair,41.0,Female,Mumbai,342036.0,21,61652,4.0
1297,Ramesh Shah,29.0,Female,Chennai,397595.0,23,70524,2.0
1298,Pallavi Verma,35.0,Female,Pune,1103392.0,5,87936,3.0
1299,Pallavi Raj,32.0,Female,Hyderabad,531696.0,24,11470,2.0
1300,Pallavi Raj,61.0,Female,Pune,1440456.0,27,72598,5.0
1301,Deepa Verma,33.0,Male,Bangalore,485419.0,13,46798,3.0
1302,Ravi Shah,44.0,Female,Hyderabad,1240029.0,6,58473,2.0
1303,Rohit Kumar,25.0,Female,Hyderabad,404692.0,29,24880,3.0
1304,Pallavi Das,63.0,Male,Kolkata,513031.0,5,49439,1.0
1305,Arun Kapoor,42.0,Female,Chennai,543946.0,9,19308,4.0
1306,Priya Joshi,34.0,Male,Pune,738765.0,27,96563,2.0
1307,Deepa Rao,46.0,Female,Pune,892927.0,16,40081,5.0
1308,Swetha Menon,25.0,Male,Chennai,651062.0,2,80242,1.0
1309,Anjali Iyer,32.0,Male,Pune,733779.0,1,55383,2.0
1310,Rohit Kumar,44.0,Female,Chennai,747952.0,8,14837,1.0
1311,Swetha Iyer,63.0,Female,Kolkata,820508.0,28,57151,5.0
1312,Karthik Joshi,24.0,Female,Delhi,1082595.0,19,41824,2.0
1313,Vijay Rao,20.0,Male,Hyderabad,646981.0,11,38073,5.0
1314,Mohan Verma,46.0,Male,Kolkata,629270.0,28,98648,3.0
1315,Rahul Shah,61.0,Male,Mumbai,1373853.0,12,31299,5.0
1316,Pallavi Joshi,41.0,Female,Bangalore,1255782.0,12,63861,3.0
1317,Ramesh Raj,20.0,Male,Delhi,733455.0,7,35063,2.0
1318,Isha Menon,37.0,Male,Mumbai,372332.0,26,74453,3.0
1319,Mohan Mehta,63.0,,HYDERABAD,797219.0,13,73472,2.0
1320,Kavya Raj,32.0,Male,Pune,339116.0,27,19506,2.0
1321,Naveen Kumar,42.0,Male,Chennai,501671.0,8,99341,4.0
1322,Deepa Mehta,47.0,Female,Hyderabad,1024504.0,29,84854,2.0
1323,Deepa Patel,31.0,Male,Kolkata,1324567.0,29,31026,3.0
1324,Vijay Shah,24.0,Female,Bangalore,764265.0,22,32672,4.0
1325,Swetha Das,34.0,Female,Kolkata,878380.0,28,43417,4.0
1326,Pallavi Joshi,61.0,Female,Delhi,479577.0,26,57413,
1327,Rohit Verma,37.0,Female,Delhi,960672.0,9,70066,5.0
1328,Sneha Kumar,53.0,Female,Bangalore,653777.0,7,64213,5.0
1329,Deepa Mehta,26.0,Male,Mumbai,345556.0,26,55971,4.0
1330,Vijay Verma,55.0,Male,Mumbai,1455565.0,21,32281,2.0
1331,Pallavi Das,39.0,Female,Delhi,645204.0,24,33091,5.0
1332,Isha Raj,19.0,Female,Delhi,902755.0,15,55494,2.0
1333,Sneha Sharma,41.0,Male,Pune,993088.0,2,23610,2.0
1334,Neha Kapoor,25.0,Female,chennai,900443.0,23,6079,4.0
1335,Divya Das,28.0,Female,Pune,748682.0,20,51751,4.0
1336,Ramesh Das,30.0,Female,Pune,309778.0,25,91126,1.0
1337,Arun Nair,34.0,Male,Mumbai,1344409.0,12,60432,5.0
1338,Vijay Iyer,25.0,Male,Bangalore,1059057.0,1,35951,5.0
1339,Sneha Joshi,,Female,Mumbai,806376.0,23,85863,5.0
1340,Nisha Joshi,35.0,F,Chennai,1494951.0,22,83291,3.0
1341,Vikram Sharma,47.0,Male,Kolkata,326361.0,8,64872,2.0
1342,Manoj Shah,35.0,Male,Delhi,1433765.0,5,12235,4.0
1343,Sanjay Patel,63.0,,Delhi,772154.0,15,87733,5.0
1344,Nisha Shah,64.0,Female,Chennai,872006.0,1,67712,1.0
1345,Asha Singh,48.0,Male,Pune,1261930.0,1,26473,5.0
1346,Kavya Kumar,55.0,Male,Bangalore,1234558.0,25,72567,2.0
1347,Arun Iyer,49.0,Male,Delhi,1329525.0,10,84823,2.0
1348,Ramesh Gupta,28.0,Female,Hyderabad,1104568.0,22,37230,4.0
1349,Vijay Shah,62.0,Male,Pune,1410117.0,10,89573,3.0
1350,Rahul Kumar,42.0,Female,Delhi,311842.0,21,97588,4.0
1351,Arun Nair,50.0,Male,Hyderabad,738019.0,15,73876,5.0
1352,Divya Gupta,55.0,,Chennai,539134.0,17,45644,1.0
1353,Pooja Iyer,58.0,Male,Chennai,921553.0,22,53664,4.0
1354,Amit Shah,25.0,Male,Pune,380356.0,6,50203,3.0
1355,Lakshmi Sharma,28.0,Female,Delhi,1018917.0,3,71677,4.0
1356,Mohan Singh,39.0,Female,Mumbai,-21885.0,13,30425,2.0
1357,Asha Singh,41.0,Male,Hyderabad,1164565.0,16,89817,5.0
1358,Vikram Kumar,58.0,Female,Bangalore,1037738.0,8,90961,5.0
1359,Pallavi Nair,34.0,Male,Delhi,1302425.0,15,74806,
1360,Mohan Das,29.0,Male,Bangalore,262360.0,17,47814,5.0
1361,Divya Das,63.0,Male,Delhi,,17,75219,5.0
1362,Deepa Sharma,49.0,,Mumbai,1027567.0,22,299875,5.0
1363,Ramesh Menon,32.0,Female,Mumbai,869055.0,26,44884,1.0
1364,Karthik Patel,33.0,Male,Pune,511445.0,13,74322,3.0
1365,Pallavi Raj,39.0,Male,Pune,680179.0,17,26650,5.0
1366,Asha Iyer,45.0,Female,Mumbai,304330.0,6,99242,3.0
1367,Suresh Iyer,37.0,Male,Kolkata,301707.0,17,14190,
1368,Nisha Patel,50.0,Male,Mumbai,530833.0,16,43196,4.0
1369,Aditya Raj,27.0,Male,Chennai,1338963.0,14,44449,5.0
1370,Mohan Menon,,Female,Chennai,436633.0,13,44661,2.0
1371,Sneha Das,49.0,Male,Kolkata,1084874.0,6,34709,1.0
1372,Vijay Menon,50.0,Female,Hyderabad,1139493.0,3,85428,4.0
1373,Nisha Joshi,19.0,M,Bangalore,646210.0,14,80179,4.0
1374,Rahul Kumar,50.0,Male,Delhi,1028799.0,14,14943,2.0
1375,Rahul Joshi,50.0,Female,Delhi,1038245.0,15,48240,5.0
1376,Sneha Sharma,58.0,Male,Kolkata,1129459.0,8,50760,1.0
1377,Manoj Verma,30.0,Male,Chennai,334381.0,29,26042,4.0
1378,Nisha Verma,47.0,Female,Pune,1091708.0,15,48894,1.0
1379,Deepa Joshi,50.0,Female,Delhi,443984.0,22,11869,4.0
1380,Vijay Shah,30.0,Female,Chennai,1358848.0,29,66078,5.0
1381,Manoj Verma,43.0,Female,Hyderabad,1246358.0,27,61759,4.0
1382,Amit Verma,39.0,Female,Bangalore,988096.0,13,49306,4.0
1383,Aditya Singh,56.0,Male,Hyderabad,503091.0,17,60371,3.0
1384,Ravi Mehta,19.0,Female,Kolkata,1102050.0,21,25918,5.0
1385,Manoj Kumar,55.0,Male,Mumbai,-27084.0,24,33379,2.0
1386,Deepa Patel,56.0,Male,Mumbai,1404697.0,3,95810,2.0
1387,Swetha Menon,43.0,Male,Mumbai,720435.0,28,88232,5.0
1388,Isha Iyer,63.0,Female,Hyderabad,851160.0,6,7962,2.0
1389,Sanjay Singh,32.0,Female,Delhi,514237.0,5,18851,5.0
1390,Manoj Patel,51.0,Male,Bangalore,525049.0,22,50747,2.0
1391,Pooja Iyer,59.0,Female,Mumbai,896047.0,26,57349,3.0
1392,Ravi Singh,61.0,,Kolkata,667567.0,17,75832,2.0
1393,Pooja Menon,57.0,Female,Kolkata,332289.0,23,61356,4.0
1394,Karthik Shah,28.0,Female,Mumbai,890794.0,25,19745,5.0
1395,Lakshmi Kapoor,20.0,Male,Mumbai,509480.0,2,10730,1.0
1396,Neha Singh,23.0,Male,Bangalore,383498.0,26,18921,1.0
1397,Pallavi Kapoor,26.0,Female,Mumbai,1388585.0,15,76138,5.0
1398,Swetha Raj,23.0,Male,Bangalore,973858.0,5,88111,3.0
1399,Vijay Singh,26.0,Female,Kolkata,673159.0,26,24023,2.0
1400,Pooja Menon,56.0,Female,Mumbai,971755.0,20,50349,3.0
1401,Neha Gupta,48.0,Male,Hyderabad,294816.0,6,86533,1.0
1402,Rohit Patel,49.0,Male,Pune,254138.0,6,88286,5.0
1403,Rohit Verma,58.0,Male,Hyderabad,1389752.0,27,46979,5.0
1404,Swetha Menon,29.0,Female,Kolkata,1040449.0,18,27837,3.0
1405,Karthik Iyer,25.0,Male,Bangalore,1046883.0,18,19997,3.0
1406,Rohit Das,25.0,Female,Hyderabad,606007.0,4,93603,2.0
1407,Pallavi Verma,45.0,Male,Bangalore,1046710.0,17,50039,4.0
1408,Lakshmi Kapoor,37.0,Male,Hyderabad,471552.0,25,25923,4.0
1409,Pallavi Raj,64.0,Female,Hyderabad,293764.0,14,13876,2.0
1410,Rahul Verma,24.0,Female,Bangalore,373030.0,14,65973,4.0
1411,Mohan Gupta,28.0,Female,Delhi,1168638.0,13,7887,1.0
1412,Suresh Sharma,37.0,Female,Hyderabad,566462.0,7,68723,4.0
1413,Naveen Shah,33.0,Female,Mumbai,1139855.0,12,339848,2.0
1414,Ravi Das,21.0,Female,Pune,,23,56413,4.0
1415,Pallavi Shah,23.0,Female,Kolkata,469128.0,15,7841,5.0
1416,Manoj Iyer,39.0,Female,Delhi,1058301.0,19,33756,3.0
1417,Meena Verma,43.0,Male,Bangalore,255039.0,11,76576,1.0
1418,Lakshmi Iyer,20.0,Female,Delhi,402353.0,15,15304,5.0
1419,Anjali Das,58.0,Female,Chennai,362935.0,12,35341,5.0
1420,Ravi Sharma,59.0,Male,Chennai,303053.0,3,9758,2.0
1421,Sanjay Das,31.0,Female,Hyderabad,1480137.0,17,22010,3.0
1422,Priya Raj,28.0,Male,Hyderabad,336346.0,3,65758,3.0
1423,Mohan Raj,35.0,Male,Mumbai,579231.0,19,36658,1.0
1424,Meena Singh,29.0,Female,Pune,655841.0,20,54002,2.0
1425,Anjali Joshi,40.0,Male,Kolkata,808685.0,4,6375,1.0
1426,Amit Kumar,29.0,Female,Delhi,366214.0,3,27092,4.0
1427,Isha Patel,30.0,Male,Chennai,735001.0,26,5490,5.0
1428,Manoj Kapoor,42.0,Male,Hyderabad,1103329.0,16,8729,1.0
1429,Karthik Menon,62.0,Male,Kolkata,1237410.0,12,10974,
1430,Amit Patel,36.0,Female,Delhi,650826.0,8,90216,2.0
1431,Sneha Rao,63.0,Female,Hyderabad,686542.0,24,88860,4.0
1432,Kavya Kapoor,53.0,Male,Hyderabad,887431.0,29,26398,2.0
1433,Ramesh Iyer,62.0,Male,Chennai,622397.0,29,39650,4.0
1434,Pooja Rao,25.0,Female,Chennai,612441.0,17,26292,4.0
1435,Karthik Gupta,,Female,Hyderabad,1133520.0,7,8159,5.0
1436,Divya Das,49.0,Male,Bangalore,784391.0,11,67766,2.0
1437,Ramesh Verma,61.0,Male,Hyderabad,676674.0,18,99887,2.0
1438,Deepa Singh,35.0,Female,Kolkata,1258109.0,1,22065,1.0
1439,Amit Iyer,23.0,Female,Hyderabad,332409.0,3,26638,2.0
1440,Asha Shah,35.0,Female,Mumbai,1321824.0,4,6073,1.0
1441,Deepa Das,36.0,Female,Pune,948876.0,13,51511,3.0
1442,Neha Shah,39.0,Female,Mumbai,1306600.0,6,89307,3.0
1443,Anjali Iyer,54.0,Male,Mumbai,725430.0,26,34320,3.0
1444,Ravi Verma,49.0,Female,Bangalore,1473451.0,14,74876,2.0
1445,Arun Singh,58.0,Male,Bangalore,1186800.0,5,39924,2.0
1446,Amit Shah,20.0,Female,Hyderabad,1442503.0,16,86720,1.0
1447,Deepa Menon,45.0,Male,Mumbai,1383754.0,15,45734,4.0
1448,Kavya Kumar,27.0,Female,Bangalore,1297380.0,15,73116,1.0
1449,Aditya Nair,52.0,Female,Chennai,1137553.0,4,45025,3.0
1450,Arun Rao,46.0,Male,Hyderabad,1056457.0,8,99503,1.0
1451,Rohit Rao,32.0,Male,Kolkata,1362186.0,27,7159,4.0
1452,Pallavi Shah,50.0,Female,Pune,881525.0,16,53940,2.0
1453,Amit Joshi,24.0,Female,Delhi,948787.0,28,84436,1.0
1454,Amit Iyer,29.0,Female,Hyderabad,1304244.0,16,81976,3.0
1455,Naveen Raj,47.0,Female,Delhi,-65597.0,4,19678,3.0
1456,Swetha Rao,38.0,Female,Mumbai,405489.0,13,66075,2.0
1457,Rohit Gupta,48.0,Male,pune,594126.0,26,52204,1.0
1458,Kavya Raj,41.0,Male,Delhi,558362.0,28,17021,4.0
1459,Sneha Singh,,Female,Mumbai,1163081.0,13,11772,2.0
1460,Ramesh Patel,54.0,Male,Chennai,1387411.0,2,72163,1.0
1461,Aditya Sharma,21.0,Male,Delhi,1065359.0,3,78755,5.0
1462,Naveen Menon,45.0,Male,Pune,351948.0,22,28464,3.0
1463,Manoj Mehta,61.0,Female,Hyderabad,1483770.0,8,56137,4.0
1464,Naveen Kapoor,37.0,Male,Mumbai,543851.0,24,35232,4.0
1465,Arun Raj,41.0,Female,Hyderabad,1436944.0,15,66497,4.0
1466,Isha Rao,49.0,Male,Pune,1455046.0,11,79024,3.0
1467,Rahul Joshi,58.0,Female,Bangalore,547986.0,9,56448,1.0
1468,Vikram Menon,53.0,Male,Mumbai,263261.0,7,89517,2.0
1469,Suresh Shah,51.0,Female,Delhi,1375285.0,13,5901,1.0
1470,Divya Joshi,53.0,Female,Mumbai,618760.0,2,92980,2.0
1471,Swetha Nair,19.0,Male,Hyderabad,1103605.0,8,88597,4.0
1472,Meena Shah,32.0,Female,Chennai,525796.0,7,7881,1.0
1473,Nisha Shah,51.0,Female,MUMBAI,1020692.0,24,34863,4.0
1474,Rohit Nair,53.0,Female,Delhi,678745.0,12,10622,5.0
1475,Pallavi Shah,23.0,Female,Bangalore,887787.0,19,6378,4.0
1476,Sneha Das,56.0,Female,Kolkata,923812.0,7,88168,4.0
1477,Anjali Das,59.0,Female,Chennai,1085825.0,10,98847,2.0
1478,Kavya Sharma,29.0,Female,Bangalore,940796.0,29,76186,5.0
1479,Kavya Shah,20.0,Female,Mumbai,575203.0,25,50201,4.0
1480,Vijay Menon,62.0,Male,Hyderabad,594866.0,16,64251,4.0
1481,Sneha Joshi,35.0,Male,Pune,1025107.0,3,77572,5.0
1482,Sanjay Rao,57.0,Female,Hyderabad,786644.0,10,44255,5.0
1483,Manoj Menon,38.0,Female,Delhi,902416.0,6,68212,1.0
1484,Arun Raj,32.0,Male,Hyderabad,1266003.0,18,55210,2.0
1485,Neha Iyer,50.0,Male,Chennai,1300763.0,18,27499,5.0
1486,Kavya Joshi,52.0,Male,Hyderabad,926585.0,5,56628,5.0
1487,Mohan Iyer,43.0,Female,Delhi,1424846.0,21,66360,3.0
1488,Lakshmi Singh,25.0,Male,KOLKATA,581607.0,29,9603,5.0
1489,Mohan Rao,53.0,Female,Mumbai,1239336.0,7,98309,2.0
1490,Asha Singh,47.0,Female,Pune,1017286.0,28,90473,4.0
1491,Vijay Kapoor,40.0,Male,Mumbai,1279933.0,2,17632,4.0
1492,Aditya Sharma,59.0,Female,Hyderabad,1170095.0,11,35607,4.0
1493,Divya Nair,61.0,Female,Bangalore,1290950.0,13,96873,4.0
1494,Deepa Sharma,31.0,Female,Mumbai,1015791.0,23,70756,3.0
1495,Sanjay Iyer,31.0,Female,Kolkata,1216020.0,5,51994,5.0
1496,Vijay Verma,19.0,Male,Hyderabad,603827.0,6,68382,4.0
1497,Nisha Kumar,54.0,Male,Pune,1379833.0,24,75354,1.0
1498,Isha Kumar,22.0,Female,Delhi,311753.0,26,61344,4.0
1499,Asha Joshi,,Female,kolkata,1121206.0,29,58775,5.0
1500,Naveen Kumar,62.0,Male,Hyderabad,1321984.0,14,12349,4.0
1501,Suresh Raj,58.0,Female,Kolkata,374116.0,12,76154,3.0
1502,Pallavi Kapoor,150.0,Male,Mumbai,1272780.0,4,32464,2.0
1503,Aditya Rao,31.0,Female,Pune,905496.0,29,47624,2.0
1504,Sanjay Gupta,56.0,Female,Delhi,267413.0,23,42344,5.0
1505,Manoj Iyer,42.0,Male,Hyderabad,887938.0,6,88791,2.0
1506,Arun Sharma,37.0,Male,Chennai,1358076.0,10,29299,2.0
1507,Ravi Singh,19.0,Male,Delhi,-17443.0,18,52975,1.0
1508,Arun Raj,56.0,Male,Chennai,1354934.0,15,6462,5.0
1509,Swetha Verma,23.0,,Kolkata,316197.0,8,86441,5.0
1510,Meena Shah,,Male,Bangalore,743992.0,26,95456,2.0
1511,Manoj Raj,42.0,Female,Delhi,473492.0,9,86788,2.0
1512,Vijay Rao,45.0,Male,Kolkata,1035833.0,5,45581,2.0
1513,Rahul Raj,19.0,Male,Chennai,676070.0,10,76289,3.0
1514,Vikram Raj,52.0,F,Mumbai,326240.0,20,19175,4.0
1515,Rohit Raj,54.0,Male,Mumbai,485595.0,6,11191,3.0
1516,Divya Das,22.0,Male,Bangalore,1305544.0,16,88434,5.0
1517,Ramesh Kumar,18.0,Male,Delhi,539662.0,24,89518,1.0
1518,Rohit Mehta,57.0,Male,Delhi,1088357.0,27,85158,4.0
1519,Ravi Mehta,29.0,Female,Delhi,440920.0,3,71537,1.0
1520,Arun Singh,53.0,Female,Kolkata,1148332.0,10,52645,5.0
1521,Amit Iyer,62.0,Male,Pune,1129854.0,11,28283,5.0
1522,Sneha Mehta,40.0,Male,Pune,482076.0,11,91971,1.0
1523,Arun Kumar,64.0,Male,Bangalore,1321775.0,17,97759,1.0
1524,Anjali Joshi,48.0,Female,Delhi,687805.0,4,64123,1.0
1525,Priya Shah,28.0,Female,Kolkata,413187.0,4,35024,5.0
1526,Anjali Verma,27.0,Female,Mumbai,705150.0,17,54630,2.0
1527,Pallavi Das,20.0,Female,Chennai,759551.0,9,35734,1.0
1528,Priya Rao,31.0,Male,Kolkata,1304096.0,19,5515,4.0
1529,Isha Singh,33.0,Male,Pune,417527.0,5,71727,5.0
1530,Sanjay Sharma,27.0,Male,Pune,1020644.0,22,51216,3.0
1531,Pooja Kumar,46.0,Female,Mumbai,897652.0,24,76833,3.0
1532,Isha Shah,27.0,Male,Mumbai,1473697.0,6,63755,4.0
1533,Vijay Mehta,29.0,Female,Chennai,1237797.0,3,32856,2.0
1534,Deepa Gupta,47.0,Female,Mumbai,500144.0,22,78870,1.0
1535,Aditya Kumar,58.0,Male,Bangalore,314925.0,1,29162,5.0
1536,Swetha Kapoor,18.0,Male,Chennai,619360.0,20,11008,1.0
1537,Naveen Verma,22.0,Male,Mumbai,844557.0,22,12987,5.0
1538,Naveen Raj,37.0,Female,Hyderabad,1198458.0,16,67532,3.0
1539,Rohit Mehta,25.0,Female,Kolkata,1240121.0,23,8332,1.0
1540,Priya Gupta,60.0,Male,Mumbai,1398553.0,11,71323,4.0
1541,Ramesh Verma,29.0,Male,Bangalore,733442.0,13,43990,2.0
1542,Meena Joshi,18.0,Female,Delhi,1080371.0,27,14873,4.0
1543,Kavya Sharma,37.0,Male,Mumbai,1327921.0,10,87542,2.0
1544,Meena Sharma,45.0,Female,Pune,1029976.0,3,90761,1.0
1545,Priya Sharma,60.0,Female,Pune,1259869.0,9,41444,1.0
1546,Deepa Kapoor,54.0,Male,Pune,743814.0,28,40340,2.0
1547,Sanjay Singh,64.0,Male,Delhi,581310.0,12,10033,3.0
1548,Priya Patel,54.0,Male,Pune,347406.0,23,78324,5.0
1549,Aditya Rao,29.0,Male,Hyderabad,1214725.0,14,20689,4.0
1550,Arun Nair,54.0,Female,Mumbai,829223.0,1,92134,4.0
1551,Naveen Shah,61.0,Female,Pune,634583.0,18,5066,4.0
1552,Deepa Verma,45.0,Female,Chennai,1271436.0,17,50246,1.0
1553,Divya Singh,64.0,Male,Delhi,1044760.0,27,12533,4.0
1554,Manoj Raj,32.0,Female,Hyderabad,1314110.0,9,85639,5.0
1555,Mohan Patel,23.0,Male,Chennai,1252429.0,9,75152,5.0
1556,Divya Nair,61.0,Male,Chennai,1399122.0,23,395991,2.0
1557,Manoj Das,37.0,Male,Chennai,854489.0,10,43498,1.0
1558,Manoj Shah,31.0,Male,Chennai,1296439.0,19,16772,5.0
1559,Neha Nair,19.0,Male,Mumbai,1008761.0,29,94385,3.0
1560,Vijay Sharma,26.0,Male,Pune,481324.0,15,54036,1.0
1561,Meena Raj,54.0,Female,Kolkata,734273.0,5,63531,1.0
1562,Priya Iyer,12.0,M,Mumbai,1169424.0,15,17940,5.0
1563,Deepa Gupta,43.0,Female,Mumbai,556081.0,20,21932,3.0
1564,Suresh Joshi,46.0,Female,Hyderabad,975084.0,23,61827,2.0
1565,Suresh Singh,18.0,Male,Hyderabad,1441855.0,25,66431,5.0
1566,Naveen Menon,52.0,Male,Pune,1495422.0,28,29648,3.0
1567,Vikram Verma,23.0,Male,Kolkata,938332.0,2,37966,1.0
1568,Swetha Kapoor,54.0,Female,Hyderabad,976448.0,13,32777,3.0
1569,Suresh Rao,22.0,Male,Pune,-44361.0,24,37567,1.0
1570,Swetha Nair,50.0,Female,Pune,320463.0,16,22174,5.0
1571,Sneha Nair,31.0,Male,Bangalore,343500.0,15,47598,5.0
1572,Sneha Nair,29.0,Male,Kolkata,811446.0,25,64199,4.0
1573,Aditya Singh,59.0,Female,Hyderabad,1383183.0,10,18798,4.0
1574,Rahul Gupta,37.0,Female,KOLKATA,1019305.0,14,70364,4.0
1575,Mohan Joshi,150.0,Male,Mumbai,583840.0,10,22558,5.0
1576,Asha Iyer,60.0,Female,Mumbai,1097942.0,25,66084,2.0
1577,Pallavi Singh,51.0,Female,Kolkata,370076.0,14,49237,5.0
1578,Ramesh Raj,42.0,F,Bangalore,1357268.0,26,70497,3.0
1579,Vijay Sharma,46.0,Female,Bangalore,905129.0,23,5178,5.0
1580,Kavya Das,56.0,Female,Kolkata,967104.0,9,91006,5.0
1581,Mohan Rao,48.0,Male,Hyderabad,1052242.0,25,22118,1.0
1582,Rohit Rao,64.0,Male,Delhi,1172630.0,14,27616,1.0
1583,Arun Raj,60.0,Female,Bangalore,411081.0,3,5798,1.0
1584,Ravi Shah,40.0,Male,Chennai,1410294.0,20,12601,5.0
1585,Pallavi Mehta,,Male,Mumbai,774480.0,16,30363,2.0
1586,Priya Kumar,55.0,Female,Kolkata,497536.0,2,7795,3.0
1587,Lakshmi Das,37.0,Male,Chennai,286413.0,10,50264,3.0
1588,Amit Gupta,40.0,,Kolkata,1442464.0,3,77833,2.0
1589,Ravi Das,62.0,Female,Pune,1101480.0,11,8084,2.0
1590,Aditya Kapoor,33.0,Male,Mumbai,825228.0,11,81646,3.0
1591,Aditya Rao,59.0,Female,Mumbai,814430.0,21,5731,4.0
1592,Naveen Nair,25.0,Female,Bangalore,286468.0,21,-16721,1.0
1593,Deepa Gupta,38.0,Female,Bangalore,1198202.0,22,33022,1.0
1594,Swetha Iyer,18.0,Female,Chennai,916015.0,13,6605,3.0
1595,Manoj Das,25.0,Female,Pune,1477545.0,7,82506,2.0
1596,Sneha Kumar,46.0,Male,Kolkata,1176863.0,23,49130,4.0
1597,Anjali Kumar,49.0,Male,Pune,1165480.0,17,34265,3.0
1598,Rahul Iyer,55.0,Female,Mumbai,292056.0,2,37330,1.0
1599,Neha Kapoor,22.0,Female,Chennai,301831.0,12,73469,5.0
1600,Naveen Kapoor,64.0,Male,Delhi,1095623.0,25,-1934,2.0
1601,Nisha Rao,39.0,Female,Chennai,1023952.0,10,30791,5.0
1602,Lakshmi Das,64.0,Male,Hyderabad,1158380.0,18,95436,3.0
1603,Kavya Verma,51.0,Female,Chennai,676488.0,22,75610,1.0
1604,Lakshmi Nair,18.0,Female,Pune,882405.0,27,96962,4.0
1605,Priya Iyer,43.0,Female,Hyderabad,526815.0,11,44867,5.0
1606,Pallavi Mehta,60.0,Female,Hyderabad,1243778.0,16,5893,4.0
1607,Sanjay Nair,27.0,Female,Hyderabad,818242.0,17,24773,1.0
1608,Ramesh Verma,47.0,Female,Delhi,483192.0,19,9239,5.0
1609,Rahul Kapoor,35.0,Female,Chennai,775005.0,18,25863,4.0
1610,Vikram Mehta,34.0,Male,Pune,1479458.0,3,56415,4.0
1611,Suresh Kapoor,12.0,M,Chennai,1417272.0,21,73968,5.0
1612,Kavya Iyer,25.0,Male,Delhi,1262140.0,27,65430,1.0
1613,Asha Das,64.0,Female,Mumbai,254994.0,26,6515,4.0
1614,Meena Singh,57.0,Female,Bangalore,1040666.0,16,19605,3.0
1615,Ramesh Kapoor,29.0,Female,Pune,319300.0,6,61240,5.0
1616,Aditya Verma,44.0,Female,Pune,556093.0,25,10586,2.0
1617,Vijay Shah,25.0,Female,Chennai,811693.0,12,-12419,2.0
1618,Divya Verma,,Female,Bangalore,766479.0,11,-2986,1.0
1619,Aditya Kumar,63.0,Female,Kolkata,589679.0,15,88087,3.0
1620,Karthik Rao,21.0,M,Kolkata,1350293.0,15,92029,4.0
1621,Pallavi Mehta,50.0,Female,Delhi,1301339.0,16,25711,2.0
1622,Pooja Menon,18.0,Male,Kolkata,605054.0,10,-8797,1.0
1623,Manoj Iyer,36.0,Male,Pune,1354056.0,12,25039,3.0
1624,Neha Menon,48.0,Female,Kolkata,,28,41561,3.0
1625,Sneha Das,33.0,Female,Mumbai,930667.0,13,80483,1.0
1626,Rahul Menon,31.0,Male,Mumbai,1001731.0,4,86395,1.0
1627,Amit Sharma,22.0,Male,Mumbai,1375424.0,7,93658,4.0
1628,Naveen Patel,150.0,Female,Kolkata,1466593.0,22,6577,1.0
1629,Naveen Rao,43.0,Female,Delhi,1042908.0,2,33350,4.0
1630,Priya Kapoor,,Male,Hyderabad,694972.0,26,38798,4.0
1631,Anjali Nair,19.0,Female,HYDERABAD,692899.0,27,86417,5.0
1632,Manoj Shah,23.0,Female,Bangalore,731215.0,27,15785,3.0
1633,Ramesh Das,26.0,Female,Hyderabad,950636.0,27,77227,3.0
1634,Ravi Raj,12.0,Male,Hyderabad,670162.0,15,66957,3.0
1635,Meena Patel,58.0,Male,Mumbai,1020050.0,8,70431,5.0
1636,Pallavi Joshi,42.0,Male,Mumbai,-99447.0,7,22297,4.0
1637,Priya Gupta,,Female,Kolkata,295095.0,15,76894,4.0
1638,Nisha Gupta,26.0,Female,Bangalore,642118.0,23,68772,1.0
1639,Amit Rao,30.0,Male,Chennai,600067.0,14,24581,5.0
1640,Vijay Menon,48.0,Male,Pune,1407738.0,8,60192,1.0
1641,Arun Raj,58.0,Male,bangalore,633071.0,28,6462,5.0
1642,Isha Raj,28.0,Female,Bangalore,520170.0,12,69173,1.0
1643,Meena Rao,21.0,Male,Delhi,521421.0,13,20511,2.0
1644,Vikram Joshi,51.0,Male,Kolkata,,11,81106,3.0
1645,Sneha Mehta,55.0,Female,Delhi,690880.0,17,53665,3.0
1646,Suresh Mehta,63.0,Female,Bangalore,1084440.0,29,49414,4.0
1647,Deepa Mehta,21.0,Female,Bangalore,906030.0,17,86010,2.0
1648,Nisha Verma,55.0,Male,Bangalore,923249.0,24,77573,3.0
1649,Ravi Verma,36.0,Female,Hyderabad,949895.0,4,98665,4.0
1650,Rahul Singh,23.0,Female,Pune,590686.0,21,18386,2.0
1651,Anjali Raj,51.0,Male,Pune,495144.0,8,59460,3.0
1652,Sneha Nair,35.0,Female,Delhi,1494360.0,5,11221,1.0
1653,Meena Sharma,30.0,Male,Bangalore,1184137.0,26,28474,5.0
1654,Neha Shah,,Male,,1026505.0,16,26045,2.0
1655,Suresh Patel,40.0,F,Mumbai,1202164.0,4,96319,4.0
1656,Naveen Rao,36.0,Female,Pune,581119.0,28,9922,2.0
1657,Isha Kumar,62.0,Female,Kolkata,1461820.0,22,27706,4.0
1658,Deepa Nair,28.0,Female,Kolkata,702413.0,29,47771,2.0
1659,Meena Singh,18.0,Female,Pune,1399734.0,15,57335,4.0
1660,Deepa Menon,41.0,Female,Mumbai,1226351.0,12,57949,3.0
1661,Priya Kapoor,24.0,Male,Kolkata,1113731.0,5,75714,1.0
1662,Suresh Nair,42.0,Male,Hyderabad,1056608.0,23,20240,3.0
1663,Pallavi Singh,38.0,Female,Pune,1362548.0,16,96756,1.0
1664,Amit Shah,32.0,Male,Hyderabad,1156450.0,14,7716,3.0
1665,Vijay Rao,18.0,Female,pune,532140.0,10,21574,3.0
1666,Pallavi Rao,29.0,Male,Chennai,898456.0,7,88255,2.0
1667,Sneha Singh,24.0,Male,Chennai,1465358.0,13,78717,5.0
1668,Neha Kumar,32.0,Male,CHENNAI,1421675.0,20,49066,4.0
1669,Neha Kumar,38.0,Female,Kolkata,808981.0,28,66826,4.0
1670,Pooja Kapoor,,Male,Hyderabad,358944.0,29,25213,4.0
1671,Arun Das,46.0,,Hyderabad,497572.0,5,76916,1.0
1672,Lakshmi Joshi,42.0,Male,Hyderabad,447097.0,29,71151,4.0
1673,Meena Raj,50.0,Male,Mumbai,1080948.0,3,323947,4.0
1674,Deepa Gupta,49.0,Male,Hyderabad,862084.0,15,5463,2.0
1675,Sneha Iyer,52.0,Male,Mumbai,538213.0,4,36973,3.0
1676,Suresh Singh,61.0,Male,Chennai,1223737.0,15,79694,4.0
1677,Arun Rao,55.0,Female,Chennai,1383387.0,14,25651,5.0
1678,Asha Nair,43.0,Female,Kolkata,1488697.0,20,73694,4.0
1679,Divya Raj,28.0,Male,Pune,630172.0,19,25008,1.0
1680,Vikram Das,52.0,Male,Chennai,,13,75474,1.0
1681,Pooja Sharma,25.0,Male,Pune,791287.0,10,43185,1.0
1682,Amit Nair,63.0,Male,Pune,1494199.0,21,92924,4.0
1683,Priya Patel,31.0,Female,Kolkata,945532.0,5,79417,2.0
1684,Arun Kapoor,27.0,Male,Bangalore,545866.0,27,76139,5.0
1685,Vijay Menon,19.0,Female,Bangalore,1047057.0,23,39980,4.0
1686,Manoj Menon,63.0,Male,Delhi,448237.0,20,27504,2.0
1687,Suresh Kapoor,26.0,Female,,781147.0,29,59970,2.0
1688,Nisha Rao,20.0,Male,Delhi,1209113.0,20,21766,4.0
1689,Vikram Singh,38.0,Male,Delhi,1210811.0,25,98922,4.0
1690,Deepa Kapoor,43.0,Female,Bangalore,885274.0,6,16695,2.0
1691,Manoj Raj,25.0,Male,Kolkata,1089385.0,4,22796,2.0
1692,Deepa Shah,19.0,Male,Bangalore,299522.0,2,47543,2.0
1693,Pooja Sharma,23.0,Male,Delhi,480233.0,22,19559,4.0
1694,Lakshmi Raj,45.0,Female,Kolkata,648102.0,16,38139,2.0
1695,Nisha Gupta,46.0,Male,Delhi,257485.0,18,13802,1.0
1696,Ravi Sharma,43.0,Male,Hyderabad,362701.0,5,479945,4.0
1697,Pooja Singh,42.0,Female,Pune,457352.0,22,273055,1.0
1698,Rahul Kumar,29.0,Female,Kolkata,434514.0,4,39159,3.0
1699,Anjali Joshi,22.0,Female,Kolkata,695093.0,13,16516,4.0
1700,Isha Shah,51.0,Male,Pune,1048658.0,19,55492,3.0
1701,Mohan Nair,54.0,Male,delhi,867693.0,23,34086,2.0
1702,Suresh Menon,32.0,Male,Hyderabad,1255535.0,2,35480,
1703,Vijay Mehta,61.0,Female,Mumbai,287019.0,13,57091,5.0
1704,Kavya Mehta,53.0,Male,Pune,1212452.0,11,52766,2.0
1705,Rahul Raj,32.0,Male,Bangalore,839421.0,22,43737,3.0
1706,Vijay Raj,60.0,Female,Delhi,629747.0,29,14265,2.0
1707,Ramesh Gupta,40.0,Female,Pune,408598.0,4,75990,4.0
1708,Lakshmi Das,23.0,Female,Pune,902873.0,22,96717,2.0
1709,Deepa Patel,63.0,Female,Kolkata,1079827.0,20,20386,5.0
1710,Aditya Iyer,61.0,Female,Bangalore,667247.0,20,42425,2.0
1711,Divya Menon,60.0,Male,Bangalore,,15,48254,3.0
1712,Asha Nair,62.0,Female,Bangalore,1205205.0,4,94863,3.0
1713,Anjali Verma,38.0,Male,pune,624743.0,9,58634,2.0
1714,Anjali Mehta,40.0,Male,Mumbai,275939.0,7,91717,3.0
1715,Ramesh Iyer,60.0,Female,Chennai,1216649.0,19,52662,3.0
1716,Meena Kumar,33.0,Female,Delhi,1187828.0,19,91988,5.0
1717,Vikram Kapoor,64.0,Female,Chennai,1452515.0,6,92527,4.0
1718,Naveen Kumar,32.0,Male,Pune,1036635.0,6,80452,5.0
1719,Aditya Kumar,42.0,Female,Chennai,,20,15143,1.0
1720,Arun Kapoor,53.0,Female,Pune,1183403.0,15,96391,5.0
1721,Vikram Sharma,28.0,Female,Chennai,778036.0,15,20581,2.0
1722,Lakshmi Raj,32.0,Female,Bangalore,1117196.0,25,72443,4.0
1723,Anjali Nair,21.0,Female,Hyderabad,1450532.0,20,34424,2.0
1724,Ramesh Verma,38.0,Male,Bangalore,1454831.0,9,93844,1.0
1725,Ramesh Rao,30.0,Male,Bangalore,1249074.0,4,46984,
1726,Meena Singh,39.0,Male,Kolkata,714462.0,18,46505,3.0
1727,Karthik Singh,36.0,Female,Kolkata,1144468.0,18,67699,5.0
1728,Anjali Das,51.0,Female,Chennai,924619.0,5,31957,2.0
1729,Neha Kapoor,31.0,Female,Pune,1152957.0,20,30464,1.0
1730,Naveen Iyer,21.0,Male,Bangalore,597823.0,23,28649,3.0
1731,Arun Patel,63.0,Female,Chennai,1424405.0,11,47065,5.0
1732,Deepa Verma,44.0,Female,KOLKATA,1426792.0,5,97661,3.0
1733,Sanjay Patel,46.0,Female,Hyderabad,425607.0,22,39758,5.0
1734,Mohan Rao,64.0,Male,Delhi,659319.0,26,10596,4.0
1735,Aditya Kumar,45.0,Female,Chennai,602156.0,4,21374,3.0
1736,Mohan Raj,,Male,Hyderabad,524535.0,29,8775,3.0
1737,Sanjay Verma,25.0,Female,Delhi,1401052.0,12,32388,3.0
1738,Arun Mehta,33.0,Male,Mumbai,1196405.0,2,26029,4.0
1739,Sneha Rao,59.0,Male,Chennai,632865.0,13,88981,1.0
1740,Priya Das,53.0,Male,Chennai,871825.0,10,58639,5.0
1741,Vijay Gupta,47.0,Female,Mumbai,1167472.0,9,19645,3.0
1742,Divya Kumar,35.0,Female,Mumbai,,10,36105,4.0
1743,Isha Rao,19.0,Male,Chennai,1071935.0,7,18668,1.0
1744,Amit Kapoor,30.0,Male,Mumbai,1373979.0,4,20960,5.0
1745,Naveen Patel,21.0,Female,Bangalore,838574.0,19,16357,4.0
1746,Amit Nair,43.0,Female,Delhi,586986.0,10,69604,5.0
1747,Neha Nair,42.0,Male,DELHI,354927.0,3,56796,3.0
1748,Naveen Iyer,47.0,Female,Delhi,735833.0,25,20804,1.0
1749,Anjali Raj,28.0,Female,Bangalore,549372.0,21,19626,4.0
1750,Mohan Kapoor,24.0,Female,Pune,273386.0,29,33132,1.0
1751,Sneha Shah,48.0,Female,Mumbai,1476402.0,19,12951,3.0
1752,Amit Sharma,61.0,Male,Hyderabad,502156.0,21,11449,1.0
1753,Sanjay Kapoor,27.0,Female,,1252252.0,2,24065,1.0
1754,Ramesh Singh,56.0,Female,Chennai,1099776.0,27,14130,2.0
1755,Sneha Patel,30.0,Male,Kolkata,1203122.0,20,94360,1.0
1756,Pallavi Gupta,48.0,Male,Delhi,719450.0,10,67287,5.0
1757,Sanjay Raj,24.0,Female,Mumbai,573258.0,2,56702,4.0
1758,Neha Gupta,59.0,Female,Hyderabad,498724.0,2,41993,2.0
1759,Deepa Das,59.0,Female,Chennai,451202.0,28,36875,4.0
1760,Anjali Rao,53.0,Female,Bangalore,1324101.0,24,11054,4.0
1761,Meena Nair,37.0,Male,Pune,1378394.0,17,53517,3.0
1762,Vikram Kapoor,21.0,Male,Bangalore,364589.0,16,81368,3.0
1763,Pallavi Mehta,24.0,Male,,1443982.0,16,34670,2.0
1764,Suresh Shah,18.0,Female,Chennai,869003.0,14,54112,3.0
1765,Pallavi Iyer,61.0,Female,Delhi,443839.0,7,93388,3.0
1766,Anjali Mehta,62.0,Female,Mumbai,1043076.0,21,94156,3.0
1767,Asha Menon,59.0,Female,Chennai,613298.0,11,33307,4.0
1768,Arun Kapoor,64.0,Male,Pune,756453.0,24,72087,2.0
1769,Anjali Shah,30.0,Male,Bangalore,1200437.0,1,52922,4.0
1770,Suresh Shah,39.0,Female,Pune,507438.0,11,68080,5.0
1771,Pooja Patel,38.0,Male,Pune,1079901.0,23,98348,4.0
1772,Swetha Patel,39.0,Female,Hyderabad,676903.0,21,84335,5.0
1773,Vijay Nair,45.0,Female,Hyderabad,1143041.0,4,31312,1.0
1774,Vijay Nair,26.0,Male,Mumbai,695872.0,7,71985,1.0
1775,Divya Kumar,43.0,Female,Hyderabad,660591.0,26,62608,5.0
1776,Kavya Kapoor,26.0,Female,Hyderabad,1132894.0,15,94962,5.0
1777,Pallavi Menon,32.0,Male,,689503.0,18,45277,4.0
1778,Isha Singh,27.0,Female,Delhi,1385300.0,12,36551,5.0
1779,Mohan Mehta,41.0,Female,Mumbai,1003492.0,17,94813,2.0
1780,Anjali Menon,59.0,Male,Chennai,346393.0,1,61597,1.0
1781,Isha Gupta,25.0,Female,Delhi,,11,50212,1.0
1782,Vikram Kumar,41.0,Male,Pune,651426.0,28,14637,5.0
1783,Lakshmi Raj,33.0,Female,chennai,1331916.0,1,48258,3.0
1784,Rohit Das,43.0,Male,Kolkata,551994.0,15,40693,3.0
1785,Lakshmi Patel,44.0,Male,Chennai,1224488.0,28,14824,5.0
1786,Isha Verma,54.0,Male,Hyderabad,887999.0,21,31950,2.0
1787,Aditya Kumar,21.0,Female,Delhi,989538.0,10,28488,3.0
1788,Isha Verma,41.0,Male,Mumbai,1309670.0,7,5215,5.0
1789,Ramesh Nair,36.0,Male,Mumbai,1200922.0,2,16523,2.0
1790,Naveen Raj,53.0,Male,delhi,715590.0,10,80900,2.0
1791,Naveen Menon,56.0,Male,,1367374.0,24,73689,4.0
1792,Rohit Menon,27.0,M,Bangalore,1152458.0,4,28834,2.0
1793,Divya Patel,42.0,Female,Chennai,451604.0,12,39474,3.0
1794,Aditya Raj,35.0,Female,Hyderabad,360130.0,19,48066,3.0
1795,Pallavi Menon,36.0,Female,Kolkata,1058596.0,26,15400,5.0
1796,Rahul Kapoor,53.0,Female,Pune,940955.0,11,15345,5.0
1797,Neha Menon,27.0,Female,Delhi,280257.0,8,38896,2.0
1798,Pallavi Gupta,50.0,Female,Chennai,657427.0,18,90430,1.0
1799,Meena Sharma,22.0,Female,Mumbai,1132421.0,11,33899,4.0
1800,Karthik Sharma,64.0,Male,Pune,1172736.0,11,33229,1.0
1801,Sanjay Sharma,52.0,Female,Bangalore,1235257.0,13,10583,2.0
1802,Sanjay Kumar,61.0,Male,Kolkata,1351267.0,3,9897,2.0
1803,Suresh Gupta,51.0,Male,MUMBAI,668829.0,12,76537,1.0
1804,Pooja Gupta,50.0,Female,Delhi,788314.0,3,9567,4.0
1805,Ramesh Rao,38.0,Male,Chennai,999450.0,10,79807,1.0
1806,Nisha Menon,34.0,Male,Delhi,793898.0,27,82239,5.0
1807,Karthik Patel,39.0,Male,Pune,1476294.0,17,18329,3.0
1808,Meena Raj,54.0,Male,Chennai,-14383.0,22,76792,5.0
1809,Nisha Kumar,32.0,Female,Hyderabad,1108999.0,2,5228,3.0
1810,Manoj Iyer,52.0,Female,BANGALORE,1477222.0,17,95282,2.0
1811,Suresh Rao,45.0,Female,Hyderabad,1291482.0,16,87214,4.0
1812,Pallavi Shah,24.0,Female,Hyderabad,1072614.0,2,42052,1.0
1813,Asha Raj,49.0,Female,Delhi,1168074.0,28,62769,4.0
1814,Manoj Verma,,Female,Pune,793576.0,22,51032,1.0
1815,Manoj Patel,27.0,Female,Bangalore,1115256.0,20,93721,5.0
1816,Ravi Kumar,26.0,Female,Chennai,250917.0,6,38686,5.0
1817,Neha Rao,31.0,Female,Chennai,1262544.0,28,81981,1.0
1818,Isha Shah,30.0,Female,Kolkata,1101007.0,25,68261,4.0
1819,Mohan Nair,42.0,Male,Mumbai,1108950.0,29,7809,1.0
1820,Manoj Verma,19.0,Female,Kolkata,1027475.0,10,46785,2.0
1821,Arun Joshi,52.0,Male,Kolkata,1337680.0,28,41547,5.0
1822,Amit Mehta,24.0,Male,Chennai,923422.0,10,47818,2.0
1823,Vikram Singh,38.0,Male,Delhi,529143.0,8,76927,5.0
1824,Sanjay Nair,35.0,Male,Hyderabad,512091.0,1,70681,5.0
1825,Ramesh Mehta,20.0,Female,Pune,653157.0,13,84465,3.0
1826,Deepa Iyer,59.0,Male,Hyderabad,835457.0,24,94862,2.0
1827,Manoj Iyer,56.0,Female,Hyderabad,1453118.0,9,42333,2.0
1828,Mohan Mehta,58.0,Female,Bangalore,1428320.0,22,21576,3.0
1829,Swetha Nair,28.0,Male,Chennai,309821.0,10,44405,4.0
1830,Ramesh Sharma,56.0,Female,Pune,499265.0,15,99000,2.0
1831,Arun Mehta,41.0,Male,Delhi,687651.0,5,78779,1.0
1832,Ramesh Kapoor,63.0,Male,Bangalore,524336.0,22,36601,3.0
1833,Asha Sharma,36.0,Female,Mumbai,453834.0,16,72946,2.0
1834,Isha Shah,21.0,Female,Delhi,1385371.0,13,72356,4.0
1835,Manoj Sharma,43.0,Male,Kolkata,1463735.0,22,57116,2.0
1836,Deepa Rao,55.0,Female,Delhi,578821.0,25,67894,5.0
1837,Ramesh Kapoor,59.0,Female,Delhi,909987.0,20,39635,1.0
1838,Sneha Kumar,49.0,Female,Hyderabad,493877.0,18,12465,3.0
1839,Anjali Iyer,56.0,Male,Delhi,1497874.0,11,61754,5.0
1840,Vikram Verma,62.0,Male,Kolkata,1170759.0,27,97850,4.0
1841,Rahul Joshi,63.0,Female,Kolkata,386285.0,9,90119,5.0
1842,Divya Das,53.0,Female,Chennai,1400988.0,16,97691,5.0
1843,Ramesh Mehta,57.0,Female,Delhi,366545.0,2,43871,4.0
1844,Priya Shah,12.0,Female,Hyderabad,924533.0,26,67874,5.0
1845,Arun Verma,50.0,Female,Delhi,1035945.0,25,82733,3.0
1846,Vikram Shah,53.0,Male,MUMBAI,536663.0,2,34511,2.0
1847,Asha Verma,20.0,Female,,1031163.0,12,85960,5.0
1848,Mohan Nair,,Male,Hyderabad,1244453.0,8,53821,3.0
1849,Arun Menon,25.0,Female,Chennai,264995.0,9,70776,2.0
1850,Vikram Singh,50.0,Male,Chennai,273559.0,12,75167,2.0
1851,Nisha Verma,23.0,Female,Kolkata,771244.0,26,80135,5.0
1852,Sanjay Kapoor,58.0,Male,Kolkata,648237.0,9,49462,3.0
1853,Mohan Nair,56.0,Female,Bangalore,872288.0,10,66382,5.0
1854,Isha Menon,21.0,Male,Hyderabad,694755.0,25,95194,4.0
1855,Naveen Raj,30.0,Male,Delhi,738051.0,2,37574,2.0
1856,Rahul Singh,19.0,Male,Pune,1075782.0,16,46910,5.0
1857,Arun Shah,22.0,Male,Hyderabad,689439.0,20,78531,2.0
1858,Naveen Nair,61.0,Male,Bangalore,1324093.0,7,30186,3.0
1859,Priya Singh,44.0,Male,Kolkata,665466.0,28,99781,1.0
1860,Nisha Mehta,12.0,Female,Hyderabad,726111.0,2,27813,5.0
1861,Nisha Mehta,38.0,Male,Hyderabad,1125564.0,1,-6465,5.0
1862,Suresh Joshi,25.0,Female,Kolkata,734282.0,19,90525,2.0
1863,Sneha Patel,55.0,Female,Bangalore,771396.0,28,83282,3.0
1864,Vijay Rao,25.0,Female,Kolkata,1404262.0,4,23557,4.0
1865,Rohit Mehta,20.0,Female,Chennai,1197272.0,24,33060,3.0
1866,Vikram Joshi,61.0,,,969778.0,22,63866,5.0
1867,Asha Verma,20.0,Male,Kolkata,1284451.0,27,77104,4.0
1868,Divya Verma,39.0,Male,Bangalore,558974.0,2,89577,3.0
1869,Arun Verma,23.0,Male,Mumbai,302446.0,25,11080,1.0
1870,Rohit Singh,19.0,Female,Chennai,1272582.0,14,18854,2.0
1871,Swetha Iyer,40.0,Male,Mumbai,,2,72695,3.0
1872,Ramesh Patel,61.0,Male,Pune,,29,32025,3.0
1873,Mohan Shah,19.0,Male,Kolkata,390148.0,15,57982,1.0
1874,Asha Sharma,55.0,Male,Chennai,281085.0,12,46081,5.0
1875,Arun Kapoor,34.0,Male,Delhi,774006.0,5,9368,2.0
1876,Vijay Patel,52.0,Female,Kolkata,1304326.0,28,32094,3.0
1877,Suresh Das,51.0,Male,Delhi,590912.0,20,51040,4.0
1878,Priya Singh,40.0,Female,Hyderabad,285903.0,29,71766,3.0
1879,Vikram Verma,47.0,Female,Mumbai,862242.0,7,88053,2.0
1880,Pooja Patel,,Female,Chennai,762493.0,24,28991,3.0
1881,Vijay Raj,39.0,Female,Delhi,1255489.0,21,6301,1.0
1882,Meena Joshi,61.0,Female,Bangalore,,10,33610,3.0
1883,Deepa Menon,53.0,Male,Delhi,891593.0,14,86463,3.0
1884,Priya Raj,22.0,Male,Bangalore,450753.0,14,39678,4.0
1885,Pooja Singh,30.0,Male,,282101.0,5,29466,
1886,Neha Das,46.0,Female,Chennai,252775.0,18,85440,1.0
1887,Isha Shah,48.0,Male,Delhi,740399.0,24,45875,3.0
1888,Nisha Kumar,64.0,Male,Pune,295619.0,14,31081,4.0
1889,Divya Mehta,33.0,Female,Delhi,662755.0,2,29354,3.0
1890,Nisha Gupta,59.0,Female,Pune,315149.0,26,98297,3.0
1891,Lakshmi Verma,47.0,Female,Chennai,276616.0,12,23300,2.0
1892,Manoj Sharma,33.0,Female,Delhi,996055.0,22,69384,2.0
1893,Ramesh Kumar,29.0,Male,Bangalore,1484215.0,24,65892,4.0
1894,Lakshmi Menon,34.0,Female,Delhi,456903.0,6,40525,5.0
1895,Anjali Sharma,33.0,Female,Mumbai,1288218.0,4,31532,2.0
1896,Amit Menon,29.0,Male,Kolkata,602365.0,13,11464,5.0
1897,Karthik Menon,25.0,Male,Hyderabad,1151311.0,4,21562,1.0
1898,Isha Rao,37.0,Female,Bangalore,537623.0,22,60514,2.0
1899,Suresh Mehta,20.0,Male,Mumbai,611309.0,14,79219,2.0
1900,Sneha Das,33.0,Female,Pune,,16,37634,4.0
1901,Pallavi Iyer,47.0,Female,Kolkata,1471691.0,29,5060,5.0
1902,Amit Sharma,62.0,Male,Chennai,745654.0,4,14269,2.0
1903,Vikram Raj,40.0,Male,,1027635.0,24,68143,2.0
1904,Suresh Rao,45.0,Female,Hyderabad,963340.0,25,28065,4.0
1905,Asha Joshi,57.0,Female,Kolkata,1250460.0,1,7895,4.0
1906,Rohit Das,22.0,Female,Pune,528495.0,13,85859,5.0
1907,Sneha Menon,37.0,Male,Hyderabad,1433779.0,4,17352,1.0
1908,Meena Sharma,57.0,Female,Chennai,497908.0,20,54737,1.0
1909,Manoj Raj,61.0,Female,Chennai,1081257.0,18,37016,3.0
1910,Aditya Rao,18.0,Female,Pune,1490579.0,6,66304,2.0
1911,Pallavi Shah,47.0,Female,Bangalore,851982.0,3,16962,5.0
1912,Vikram Raj,38.0,Female,Pune,1183334.0,23,38302,2.0
1913,Divya Rao,37.0,Male,Delhi,950033.0,13,90382,5.0
1914,Rohit Gupta,23.0,Female,Chennai,1163438.0,27,9011,5.0
1915,Aditya Kapoor,39.0,Female,Kolkata,994822.0,16,24782,5.0
1916,Meena Gupta,35.0,Female,Delhi,819354.0,27,72691,2.0
1917,Anjali Sharma,25.0,Female,Mumbai,384445.0,5,44725,4.0
1918,Pooja Iyer,56.0,Male,Hyderabad,653551.0,4,14196,2.0
1919,Aditya Raj,49.0,Male,Delhi,1191245.0,21,48459,5.0
1920,Karthik Das,50.0,Male,Hyderabad,819829.0,8,92245,3.0
1921,Amit Kumar,33.0,Female,Pune,1463705.0,19,83863,1.0
1922,Pallavi Raj,29.0,Female,Delhi,841271.0,14,37769,5.0
1923,Kavya Mehta,55.0,Male,Pune,403837.0,7,29700,3.0
1924,Pallavi Mehta,51.0,Male,Mumbai,964647.0,14,85356,4.0
1925,Priya Shah,31.0,Male,Chennai,1157179.0,6,81427,5.0
1926,Isha Gupta,53.0,Female,Mumbai,1121535.0,12,10269,3.0
1927,Arun Singh,,Female,Chennai,427597.0,16,48880,5.0
1928,Rohit Patel,40.0,Male,Pune,1285408.0,17,13320,2.0
1929,Ramesh Das,62.0,Male,Chennai,728454.0,13,54589,3.0
1930,Mohan Raj,19.0,Male,Hyderabad,1109625.0,23,81276,2.0
1931,Suresh Nair,58.0,Female,Kolkata,746440.0,14,40897,2.0
1932,Suresh Joshi,38.0,Female,Mumbai,1026372.0,29,63565,3.0
1933,Sneha Kumar,19.0,F,Delhi,895303.0,7,35930,1.0
1934,Sanjay Verma,44.0,Male,Mumbai,422257.0,14,62233,3.0
1935,Anjali Singh,26.0,Male,Hyderabad,545599.0,15,87821,1.0
1936,Isha Sharma,18.0,Female,Chennai,1195522.0,12,19380,5.0
1937,Vikram Kapoor,28.0,Male,Hyderabad,566363.0,17,81896,5.0
1938,Nisha Rao,20.0,Female,Bangalore,1082423.0,9,75934,3.0
1939,Isha Raj,40.0,Male,Bangalore,847904.0,22,60830,5.0
1940,Nisha Kumar,43.0,Male,Delhi,366841.0,15,10529,4.0
1941,Pallavi Patel,21.0,Male,Hyderabad,419934.0,12,99598,2.0
1942,Naveen Patel,35.0,Male,Pune,1385270.0,2,87987,2.0
1943,Ramesh Singh,23.0,,Delhi,487068.0,5,54178,1.0
1944,Neha Gupta,52.0,Male,Pune,1080288.0,13,11937,5.0
1945,Manoj Mehta,39.0,Female,Delhi,351407.0,27,44886,1.0
1946,Sanjay Iyer,60.0,Female,Bangalore,1101161.0,20,54699,2.0
1947,Suresh Sharma,32.0,Female,Delhi,828641.0,23,81396,2.0
1948,Ravi Das,39.0,Male,Bangalore,955356.0,8,95678,5.0
1949,Priya Raj,54.0,Female,Chennai,286683.0,27,30279,4.0
1950,Ravi Menon,59.0,Female,Pune,1412667.0,14,43106,4.0
1951,Anjali Kumar,29.0,Female,Hyderabad,367797.0,15,84737,5.0
1952,Arun Menon,64.0,Male,Delhi,574934.0,11,45544,5.0
1953,Mohan Gupta,59.0,Male,,535713.0,1,13997,1.0
1954,Anjali Das,55.0,Female,Mumbai,1047583.0,21,90711,5.0
1955,Aditya Verma,35.0,Male,Pune,714310.0,3,45860,4.0
1956,Rahul Singh,62.0,Female,Delhi,1488822.0,17,8225,5.0
1957,Asha Raj,52.0,Female,Kolkata,807242.0,28,64470,1.0
1958,Pooja Shah,47.0,Male,Chennai,1280488.0,19,68656,1.0
1959,Ramesh Mehta,41.0,Female,Chennai,1018223.0,14,56880,1.0
1960,Meena Sharma,59.0,Male,Mumbai,359373.0,22,66078,1.0
1961,Pooja Singh,47.0,Male,Bangalore,808988.0,23,93646,3.0
1962,Vijay Shah,31.0,Female,Delhi,1260540.0,8,81290,5.0
1963,Sanjay Gupta,23.0,Male,Pune,1422304.0,13,61633,2.0
1964,Manoj Iyer,20.0,Male,Bangalore,1103220.0,27,31655,5.0
1965,Manoj Das,33.0,Female,Chennai,1164424.0,20,48601,3.0
1966,Aditya Verma,24.0,Female,Bangalore,1116491.0,3,8114,1.0
1967,Manoj Kapoor,31.0,Male,Chennai,1169134.0,5,31502,3.0
1968,Pooja Mehta,26.0,Male,Bangalore,338059.0,9,54768,4.0
1969,Swetha Nair,32.0,Female,Mumbai,1082583.0,29,53128,4.0
1970,Ramesh Nair,38.0,Male,Hyderabad,692136.0,6,25028,5.0
1971,Rohit Kumar,52.0,Male,Mumbai,448303.0,25,60565,5.0
1972,Vikram Raj,19.0,Male,Mumbai,761162.0,22,88123,2.0
1973,Isha Joshi,44.0,Male,Hyderabad,723573.0,2,40333,2.0
1974,Meena Nair,19.0,Male,Hyderabad,579125.0,13,8174,4.0
1975,Aditya Sharma,52.0,Male,DELHI,1157383.0,5,40398,1.0
1976,Aditya Shah,35.0,Male,Pune,1159531.0,28,40929,3.0
1977,Naveen Gupta,31.0,Female,Pune,1380548.0,27,9321,2.0
1978,Pallavi Menon,37.0,Female,Delhi,1353298.0,25,60421,2.0
1979,Amit Das,35.0,Female,Mumbai,431890.0,8,301986,1.0
1980,Naveen Joshi,,Female,Mumbai,1197436.0,23,28760,1.0
1981,Divya Joshi,42.0,Female,Chennai,367473.0,1,16360,5.0
1982,Karthik Kumar,19.0,Male,Chennai,520741.0,20,15313,3.0
1983,Vikram Das,42.0,Male,Pune,1108823.0,12,90998,1.0
1984,Rohit Rao,50.0,,Delhi,,23,10801,2.0
1985,Pallavi Verma,53.0,Male,Kolkata,575437.0,11,19130,2.0
1986,Lakshmi Kapoor,48.0,Female,Kolkata,406877.0,7,19271,4.0
1987,Rohit Verma,31.0,Male,Delhi,1122834.0,15,21075,1.0
1988,Ravi Singh,18.0,Male,Chennai,693066.0,22,23984,5.0
1989,Swetha Nair,63.0,Female,Pune,584923.0,24,93095,3.0
1990,Asha Gupta,33.0,Male,Pune,869696.0,11,65942,5.0
1991,Vikram Iyer,63.0,Male,Chennai,370062.0,29,17861,2.0
1992,Asha Kapoor,20.0,Female,Kolkata,1310676.0,22,87203,5.0
1993,Deepa Patel,52.0,Male,bangalore,1282499.0,26,76376,2.0
1994,Karthik Singh,58.0,Male,Bangalore,1493048.0,16,66247,2.0
1995,Asha Gupta,23.0,Male,Chennai,1128878.0,3,74101,
1996,Divya Verma,42.0,Male,Bangalore,484196.0,20,25977,2.0
1997,Manoj Mehta,30.0,Male,Hyderabad,457609.0,14,55617,2.0
1998,Nisha Singh,51.0,Female,Delhi,925302.0,3,62473,4.0
1999,Pooja Shah,25.0,Female,Delhi,533006.0,1,91654,5.0
2000,Amit Sharma,38.0,Female,Chennai,523813.0,26,93177,4.0
1842,Divya Das,53.0,Female,Chennai,1400988.0,16,-10966,5.0
1957,Asha Raj,52.0,Female,Kolkata,807242.0,28,64470,1.0
1545,Priya Sharma,60.0,Female,Pune,1259869.0,9,41444,1.0
1174,Suresh Shah,22.0,Female,Kolkata,469526.0,16,29495,2.0
1760,Anjali Rao,53.0,Female,Bangalore,1324101.0,24,11054,4.0
1956,Rahul Singh,62.0,Female,Delhi,1488822.0,17,8225,5.0
1122,Deepa Menon,29.0,Female,Delhi,1383276.0,19,69757,5.0
1231,Manoj Shah,27.0,Female,Kolkata,312021.0,23,86418,4.0
1012,Priya Nair,39.0,Female,Delhi,817597.0,4,52291,1.0
1121,Aditya Gupta,51.0,Male,Kolkata,1456184.0,3,77255,2.0
1660,Deepa Menon,41.0,Female,Mumbai,1226351.0,12,57949,3.0
1420,Ravi Sharma,59.0,Male,Chennai,303053.0,3,9758,2.0
1192,Nisha Rao,29.0,Female,Chennai,918516.0,23,12211,5.0
1945,Manoj Mehta,39.0,Female,Delhi,351407.0,27,44886,1.0
1393,Pooja Menon,57.0,Female,Kolkata,332289.0,23,61356,4.0
1418,Lakshmi Iyer,20.0,Female,Delhi,402353.0,15,15304,5.0
1846,Vikram Shah,53.0,Male,Mumbai,536663.0,2,34511,2.0
1815,Manoj Patel,27.0,Female,Bangalore,1115256.0,20,93721,5.0
1773,Vijay Nair,45.0,Female,Hyderabad,1143041.0,4,31312,1.0
1375,Rahul Joshi,50.0,Female,Delhi,1038245.0,15,48240,5.0
